"Mtry","Error"
5,0.25725
10,0.259325
